Text 1,Text 2,Cosine Similarity
Artificial intelligence is no longer a futuristic concept hidden in science fiction novels.,"Today, it seamlessly integrates into the technology we use every single morning.",0.1512
Artificial intelligence is no longer a futuristic concept hidden in science fiction novels.,"From smart assistants to predictive text, AI quietly shapes our daily routines.",0.4063
Artificial intelligence is no longer a futuristic concept hidden in science fiction novels.,Understanding this technology helps us navigate the modern digital landscape,0.2943
Artificial intelligence is no longer a futuristic concept hidden in science fiction novels.,Smartphones use advanced machine learning algorithms to optimize battery life and performance.,0.2248
Artificial intelligence is no longer a futuristic concept hidden in science fiction novels.,Streaming platforms analyze your viewing history to suggest your next favorite show.,0.0086
Artificial intelligence is no longer a futuristic concept hidden in science fiction novels.,Navigation apps process real-time traffic data to find the fastest route home.,-0.0025
Artificial intelligence is no longer a futuristic concept hidden in science fiction novels.,"Virtual assistants can schedule appointments, play music, and control smart home devices instantly.",0.1397
Artificial intelligence is no longer a futuristic concept hidden in science fiction novels.,"Automated tools now handle repetitive administrative tasks, freeing up valuable time for creativity.",0.2689
Artificial intelligence is no longer a futuristic concept hidden in science fiction novels.,Professionals use AI-powered software to proofread documents and analyze complex data spreadsheets.,0.2652
Artificial intelligence is no longer a futuristic concept hidden in science fiction novels.,Personalized learning platforms adapt to a student's individual pace and academic needs.,0.1057
Artificial intelligence is no longer a futuristic concept hidden in science fiction novels.,Digital classrooms use automated grading systems to give teachers more time for direct instruction.,0.1594
Artificial intelligence is no longer a futuristic concept hidden in science fiction novels.,"As technology evolves, AI will continue to transform traditional industries and job markets.",0.5479
Artificial intelligence is no longer a futuristic concept hidden in science fiction novels.,Striking a balance between human creativity and automation remains a crucial challenge.,0.394
Artificial intelligence is no longer a futuristic concept hidden in science fiction novels.,Ethical guidelines are necessary to ensure these tools are developed responsibly.,0.0552
Artificial intelligence is no longer a futuristic concept hidden in science fiction novels.,Embracing these innovations thoughtfully will ultimately lead to a more efficient future.,0.2674
"Today, it seamlessly integrates into the technology we use every single morning.","From smart assistants to predictive text, AI quietly shapes our daily routines.",0.4202
"Today, it seamlessly integrates into the technology we use every single morning.",Understanding this technology helps us navigate the modern digital landscape,0.4549
"Today, it seamlessly integrates into the technology we use every single morning.",Smartphones use advanced machine learning algorithms to optimize battery life and performance.,0.2369
"Today, it seamlessly integrates into the technology we use every single morning.",Streaming platforms analyze your viewing history to suggest your next favorite show.,0.2317
"Today, it seamlessly integrates into the technology we use every single morning.",Navigation apps process real-time traffic data to find the fastest route home.,0.2585
"Today, it seamlessly integrates into the technology we use every single morning.","Virtual assistants can schedule appointments, play music, and control smart home devices instantly.",0.346
"Today, it seamlessly integrates into the technology we use every single morning.","Automated tools now handle repetitive administrative tasks, freeing up valuable time for creativity.",0.3547
"Today, it seamlessly integrates into the technology we use every single morning.",Professionals use AI-powered software to proofread documents and analyze complex data spreadsheets.,0.2403
"Today, it seamlessly integrates into the technology we use every single morning.",Personalized learning platforms adapt to a student's individual pace and academic needs.,0.2523
"Today, it seamlessly integrates into the technology we use every single morning.",Digital classrooms use automated grading systems to give teachers more time for direct instruction.,0.2205
"Today, it seamlessly integrates into the technology we use every single morning.","As technology evolves, AI will continue to transform traditional industries and job markets.",0.343
"Today, it seamlessly integrates into the technology we use every single morning.",Striking a balance between human creativity and automation remains a crucial challenge.,0.1986
"Today, it seamlessly integrates into the technology we use every single morning.",Ethical guidelines are necessary to ensure these tools are developed responsibly.,0.1302
"Today, it seamlessly integrates into the technology we use every single morning.",Embracing these innovations thoughtfully will ultimately lead to a more efficient future.,0.4533
"From smart assistants to predictive text, AI quietly shapes our daily routines.",Understanding this technology helps us navigate the modern digital landscape,0.3198
"From smart assistants to predictive text, AI quietly shapes our daily routines.",Smartphones use advanced machine learning algorithms to optimize battery life and performance.,0.2946
"From smart assistants to predictive text, AI quietly shapes our daily routines.",Streaming platforms analyze your viewing history to suggest your next favorite show.,0.2118
"From smart assistants to predictive text, AI quietly shapes our daily routines.",Navigation apps process real-time traffic data to find the fastest route home.,0.1709
"From smart assistants to predictive text, AI quietly shapes our daily routines.","Virtual assistants can schedule appointments, play music, and control smart home devices instantly.",0.4456
"From smart assistants to predictive text, AI quietly shapes our daily routines.","Automated tools now handle repetitive administrative tasks, freeing up valuable time for creativity.",0.4068
"From smart assistants to predictive text, AI quietly shapes our daily routines.",Professionals use AI-powered software to proofread documents and analyze complex data spreadsheets.,0.5067
"From smart assistants to predictive text, AI quietly shapes our daily routines.",Personalized learning platforms adapt to a student's individual pace and academic needs.,0.2496
"From smart assistants to predictive text, AI quietly shapes our daily routines.",Digital classrooms use automated grading systems to give teachers more time for direct instruction.,0.277
"From smart assistants to predictive text, AI quietly shapes our daily routines.","As technology evolves, AI will continue to transform traditional industries and job markets.",0.4849
"From smart assistants to predictive text, AI quietly shapes our daily routines.",Striking a balance between human creativity and automation remains a crucial challenge.,0.4063
"From smart assistants to predictive text, AI quietly shapes our daily routines.",Ethical guidelines are necessary to ensure these tools are developed responsibly.,0.1314
"From smart assistants to predictive text, AI quietly shapes our daily routines.",Embracing these innovations thoughtfully will ultimately lead to a more efficient future.,0.2396
Understanding this technology helps us navigate the modern digital landscape,Smartphones use advanced machine learning algorithms to optimize battery life and performance.,0.2025
Understanding this technology helps us navigate the modern digital landscape,Streaming platforms analyze your viewing history to suggest your next favorite show.,0.3254
Understanding this technology helps us navigate the modern digital landscape,Navigation apps process real-time traffic data to find the fastest route home.,0.3308
Understanding this technology helps us navigate the modern digital landscape,"Virtual assistants can schedule appointments, play music, and control smart home devices instantly.",0.2732
Understanding this technology helps us navigate the modern digital landscape,"Automated tools now handle repetitive administrative tasks, freeing up valuable time for creativity.",0.3646
Understanding this technology helps us navigate the modern digital landscape,Professionals use AI-powered software to proofread documents and analyze complex data spreadsheets.,0.3099
Understanding this technology helps us navigate the modern digital landscape,Personalized learning platforms adapt to a student's individual pace and academic needs.,0.2925
Understanding this technology helps us navigate the modern digital landscape,Digital classrooms use automated grading systems to give teachers more time for direct instruction.,0.3634
Understanding this technology helps us navigate the modern digital landscape,"As technology evolves, AI will continue to transform traditional industries and job markets.",0.3859
Understanding this technology helps us navigate the modern digital landscape,Striking a balance between human creativity and automation remains a crucial challenge.,0.2924
Understanding this technology helps us navigate the modern digital landscape,Ethical guidelines are necessary to ensure these tools are developed responsibly.,0.1588
Understanding this technology helps us navigate the modern digital landscape,Embracing these innovations thoughtfully will ultimately lead to a more efficient future.,0.4421
Smartphones use advanced machine learning algorithms to optimize battery life and performance.,Streaming platforms analyze your viewing history to suggest your next favorite show.,0.129
Smartphones use advanced machine learning algorithms to optimize battery life and performance.,Navigation apps process real-time traffic data to find the fastest route home.,0.2189
Smartphones use advanced machine learning algorithms to optimize battery life and performance.,"Virtual assistants can schedule appointments, play music, and control smart home devices instantly.",0.2879
Smartphones use advanced machine learning algorithms to optimize battery life and performance.,"Automated tools now handle repetitive administrative tasks, freeing up valuable time for creativity.",0.1734
Smartphones use advanced machine learning algorithms to optimize battery life and performance.,Professionals use AI-powered software to proofread documents and analyze complex data spreadsheets.,0.1885
Smartphones use advanced machine learning algorithms to optimize battery life and performance.,Personalized learning platforms adapt to a student's individual pace and academic needs.,0.1543
Smartphones use advanced machine learning algorithms to optimize battery life and performance.,Digital classrooms use automated grading systems to give teachers more time for direct instruction.,0.1577
Smartphones use advanced machine learning algorithms to optimize battery life and performance.,"As technology evolves, AI will continue to transform traditional industries and job markets.",0.1969
Smartphones use advanced machine learning algorithms to optimize battery life and performance.,Striking a balance between human creativity and automation remains a crucial challenge.,0.1015
Smartphones use advanced machine learning algorithms to optimize battery life and performance.,Ethical guidelines are necessary to ensure these tools are developed responsibly.,0.1137
Smartphones use advanced machine learning algorithms to optimize battery life and performance.,Embracing these innovations thoughtfully will ultimately lead to a more efficient future.,0.2706
Streaming platforms analyze your viewing history to suggest your next favorite show.,Navigation apps process real-time traffic data to find the fastest route home.,0.351
Streaming platforms analyze your viewing history to suggest your next favorite show.,"Virtual assistants can schedule appointments, play music, and control smart home devices instantly.",0.1585
Streaming platforms analyze your viewing history to suggest your next favorite show.,"Automated tools now handle repetitive administrative tasks, freeing up valuable time for creativity.",0.1034
Streaming platforms analyze your viewing history to suggest your next favorite show.,Professionals use AI-powered software to proofread documents and analyze complex data spreadsheets.,0.1548
Streaming platforms analyze your viewing history to suggest your next favorite show.,Personalized learning platforms adapt to a student's individual pace and academic needs.,0.2842
Streaming platforms analyze your viewing history to suggest your next favorite show.,Digital classrooms use automated grading systems to give teachers more time for direct instruction.,0.1015
Streaming platforms analyze your viewing history to suggest your next favorite show.,"As technology evolves, AI will continue to transform traditional industries and job markets.",0.1014
Streaming platforms analyze your viewing history to suggest your next favorite show.,Striking a balance between human creativity and automation remains a crucial challenge.,-0.0069
Streaming platforms analyze your viewing history to suggest your next favorite show.,Ethical guidelines are necessary to ensure these tools are developed responsibly.,-0.0606
Streaming platforms analyze your viewing history to suggest your next favorite show.,Embracing these innovations thoughtfully will ultimately lead to a more efficient future.,0.1291
Navigation apps process real-time traffic data to find the fastest route home.,"Virtual assistants can schedule appointments, play music, and control smart home devices instantly.",0.3278
Navigation apps process real-time traffic data to find the fastest route home.,"Automated tools now handle repetitive administrative tasks, freeing up valuable time for creativity.",0.1444
Navigation apps process real-time traffic data to find the fastest route home.,Professionals use AI-powered software to proofread documents and analyze complex data spreadsheets.,0.1512
Navigation apps process real-time traffic data to find the fastest route home.,Personalized learning platforms adapt to a student's individual pace and academic needs.,0.1479
Navigation apps process real-time traffic data to find the fastest route home.,Digital classrooms use automated grading systems to give teachers more time for direct instruction.,0.0945
Navigation apps process real-time traffic data to find the fastest route home.,"As technology evolves, AI will continue to transform traditional industries and job markets.",0.0631
Navigation apps process real-time traffic data to find the fastest route home.,Striking a balance between human creativity and automation remains a crucial challenge.,-0.0053
Navigation apps process real-time traffic data to find the fastest route home.,Ethical guidelines are necessary to ensure these tools are developed responsibly.,-0.0019
Navigation apps process real-time traffic data to find the fastest route home.,Embracing these innovations thoughtfully will ultimately lead to a more efficient future.,0.1879
"Virtual assistants can schedule appointments, play music, and control smart home devices instantly.","Automated tools now handle repetitive administrative tasks, freeing up valuable time for creativity.",0.358
"Virtual assistants can schedule appointments, play music, and control smart home devices instantly.",Professionals use AI-powered software to proofread documents and analyze complex data spreadsheets.,0.2457
"Virtual assistants can schedule appointments, play music, and control smart home devices instantly.",Personalized learning platforms adapt to a student's individual pace and academic needs.,0.2526
"Virtual assistants can schedule appointments, play music, and control smart home devices instantly.",Digital classrooms use automated grading systems to give teachers more time for direct instruction.,0.31
"Virtual assistants can schedule appointments, play music, and control smart home devices instantly.","As technology evolves, AI will continue to transform traditional industries and job markets.",0.2104
"Virtual assistants can schedule appointments, play music, and control smart home devices instantly.",Striking a balance between human creativity and automation remains a crucial challenge.,0.2404
"Virtual assistants can schedule appointments, play music, and control smart home devices instantly.",Ethical guidelines are necessary to ensure these tools are developed responsibly.,0.0872
"Virtual assistants can schedule appointments, play music, and control smart home devices instantly.",Embracing these innovations thoughtfully will ultimately lead to a more efficient future.,0.2088
"Automated tools now handle repetitive administrative tasks, freeing up valuable time for creativity.",Professionals use AI-powered software to proofread documents and analyze complex data spreadsheets.,0.3761
"Automated tools now handle repetitive administrative tasks, freeing up valuable time for creativity.",Personalized learning platforms adapt to a student's individual pace and academic needs.,0.2258
"Automated tools now handle repetitive administrative tasks, freeing up valuable time for creativity.",Digital classrooms use automated grading systems to give teachers more time for direct instruction.,0.4183
"Automated tools now handle repetitive administrative tasks, freeing up valuable time for creativity.","As technology evolves, AI will continue to transform traditional industries and job markets.",0.3352
"Automated tools now handle repetitive administrative tasks, freeing up valuable time for creativity.",Striking a balance between human creativity and automation remains a crucial challenge.,0.5683
"Automated tools now handle repetitive administrative tasks, freeing up valuable time for creativity.",Ethical guidelines are necessary to ensure these tools are developed responsibly.,0.3187
"Automated tools now handle repetitive administrative tasks, freeing up valuable time for creativity.",Embracing these innovations thoughtfully will ultimately lead to a more efficient future.,0.3915
Professionals use AI-powered software to proofread documents and analyze complex data spreadsheets.,Personalized learning platforms adapt to a student's individual pace and academic needs.,0.305
Professionals use AI-powered software to proofread documents and analyze complex data spreadsheets.,Digital classrooms use automated grading systems to give teachers more time for direct instruction.,0.3638
Professionals use AI-powered software to proofread documents and analyze complex data spreadsheets.,"As technology evolves, AI will continue to transform traditional industries and job markets.",0.366
Professionals use AI-powered software to proofread documents and analyze complex data spreadsheets.,Striking a balance between human creativity and automation remains a crucial challenge.,0.2558
Professionals use AI-powered software to proofread documents and analyze complex data spreadsheets.,Ethical guidelines are necessary to ensure these tools are developed responsibly.,0.2683
Professionals use AI-powered software to proofread documents and analyze complex data spreadsheets.,Embracing these innovations thoughtfully will ultimately lead to a more efficient future.,0.1887
Personalized learning platforms adapt to a student's individual pace and academic needs.,Digital classrooms use automated grading systems to give teachers more time for direct instruction.,0.4445
Personalized learning platforms adapt to a student's individual pace and academic needs.,"As technology evolves, AI will continue to transform traditional industries and job markets.",0.14
Personalized learning platforms adapt to a student's individual pace and academic needs.,Striking a balance between human creativity and automation remains a crucial challenge.,0.1813
Personalized learning platforms adapt to a student's individual pace and academic needs.,Ethical guidelines are necessary to ensure these tools are developed responsibly.,0.0359
Personalized learning platforms adapt to a student's individual pace and academic needs.,Embracing these innovations thoughtfully will ultimately lead to a more efficient future.,0.2053
Digital classrooms use automated grading systems to give teachers more time for direct instruction.,"As technology evolves, AI will continue to transform traditional industries and job markets.",0.1744
Digital classrooms use automated grading systems to give teachers more time for direct instruction.,Striking a balance between human creativity and automation remains a crucial challenge.,0.1775
Digital classrooms use automated grading systems to give teachers more time for direct instruction.,Ethical guidelines are necessary to ensure these tools are developed responsibly.,0.1906
Digital classrooms use automated grading systems to give teachers more time for direct instruction.,Embracing these innovations thoughtfully will ultimately lead to a more efficient future.,0.2043
"As technology evolves, AI will continue to transform traditional industries and job markets.",Striking a balance between human creativity and automation remains a crucial challenge.,0.4578
"As technology evolves, AI will continue to transform traditional industries and job markets.",Ethical guidelines are necessary to ensure these tools are developed responsibly.,0.12
"As technology evolves, AI will continue to transform traditional industries and job markets.",Embracing these innovations thoughtfully will ultimately lead to a more efficient future.,0.4688
Striking a balance between human creativity and automation remains a crucial challenge.,Ethical guidelines are necessary to ensure these tools are developed responsibly.,0.2322
Striking a balance between human creativity and automation remains a crucial challenge.,Embracing these innovations thoughtfully will ultimately lead to a more efficient future.,0.3319
Ethical guidelines are necessary to ensure these tools are developed responsibly.,Embracing these innovations thoughtfully will ultimately lead to a more efficient future.,0.2784
